{
  "project_info": {
    "project_number": "619205492377",
    "firebase_url": "https://letseat-971c7.firebaseio.com",
    "project_id": "letseat-971c7",
    "storage_bucket": "letseat-971c7.appspot.com"
  },
  "client": [
    {
      "client_info": {
        "mobilesdk_app_id": "1:619205492377:android:bef98974fea495b8",
        "android_client_info": {
          "package_name": "com.example.lenovo.letseat"
        }
      },
      "oauth_client": [
        {
          "client_id": "619205492377-gafvk9cr9kfbjph4vfp10ecqf1o1uipn.apps.googleusercontent.com",
          "client_type": 1,
          "android_info": {
            "package_name": "com.example.lenovo.letseat",
            "certificate_hash": "bc4ddd309ecaa8ea29bbf88cc35ec4c6e2a97781"
          }
        },
        {
          "client_id": "619205492377-538468cgclv4bn9nk8avimdpl1odfg7r.apps.googleusercontent.com",
          "client_type": 3
        }
      ],
      "api_key": [
        {
          "current_key": "AIzaSyBI08_ptT9ODQ5KgB3II0SBJKt9ETTYL9Q"
        }
      ],
      "services": {
        "analytics_service": {
          "status": 1
        },
        "appinvite_service": {
          "status": 2,
          "other_platform_oauth_client": [
            {
              "client_id": "619205492377-538468cgclv4bn9nk8avimdpl1odfg7r.apps.googleusercontent.com",
              "client_type": 3
            }
          ]
        },
        "ads_service": {
          "status": 2
        }
      }
    }
  ],
  "configuration_version": "1"
}